{
  "server": "",
  "platform": "web-mobile",
  "debug": false,
  "md5Cache": false,
  "skipCompressTexture": false,
  "sourceMaps": false,
  "overwriteProjectSettings": {
    "includeModules": {
      "physics": "inherit-project-setting",
      "physics-2d": "inherit-project-setting"
    },
    "macroConfig": {
      "cleanupImageCache": "inherit-project-setting"
    }
  },
  "nativeCodeBundleMode": "both",
  "polyfills": {
    "asyncFunctions": true
  },
  "experimentalEraseModules": false,
  "startSceneAssetBundle": false,
  "bundleConfigs": [],
  "useBuiltinServer": false,
  "mainBundleIsRemote": false,
  "mainBundleCompressionType": "merge_dep",
  "useSplashScreen": true,
  "bundleCommonChunk": false,
  "packAutoAtlas": true,
  "wasmCompressionMode": false,
  "packages": {
    "telegram-miniapp-helper": null,
    "engine": null,
    "scene": null,
    "adsense-h5g-plugin": {
      "enableAdsense": false,
      "enableTestAd": false,
      "__version__": "1.0.1",
      "AFPHostPropertyCode": "",
      "AFPHostDomain": "",
      "otherAFPHostPropertyCode": "",
      "otherAFPDomain": ""
    },
    "cocos-service": {
      "configID": "",
      "services": [],
      "__version__": "3.0.7"
    },
    "web-mobile": {
      "__version__": "1.0.1"
    }
  },
  "__version__": "1.3.8",
  "buildMode": "normal",
  "buildScriptTargets": "> 0.5%"
}
