{
    "sdkList": [
        {
            "name": "ton-cocos-sdk",
            "value": "@ton/cocos-sdk",
            "desc_en": "TON blockchain bindings and utilities for cocos game engines.",
            "desc_zh": "用于Cocos游戏引擎的TON区块链TS bindings及工具。",
            "version": "0.0.1-beta.1",
            "doc": "https://docs.ton.org/develop/overview",
            "defaultUse": true
        },
        {
            "name": "web3modal-ethers5",
            "value": "@cocos-labs/web3modal-ethers5",
            "desc_en": "Your on-ramp to web3 multichain. Web3Modal is a versatile library that makes it super easy to connect users with your Dapp and start interacting with the blockchain.",
            "desc_zh": "您的web3多链入口。Web3Modal是一个多功能库，可以轻松连接用户与您的Dapp并开始与区块链交互。",
            "version": "5.1.6",
            "doc": "https://docs.walletconnect.com/appkit/overview",
            "defaultUse": true
        }, {
            "name": "ethereum-provider",
            "value": "@walletconnect/ethereum-provider",
            "desc_en": "Ethereum Provider for WalletConnect Protocol.",
            "desc_zh": "用于WalletConnect协议的Ethereum Provider。",
            "version": "2.16.1",
            "doc": "https://docs.walletconnect.com/advanced/providers/ethereum",
            "defaultUse": false
        }
    ]
}
