{
    "utilsList": [
        {
            "name": "TonConnectUI",
            "path": "data/codesnippets/ton-ui-component.import",
            "importedFileName": "TonUIComponent.ts",
            "desc_zh": "1. 提供Connect按钮回调句柄，可用于附加至登录按钮并将按钮事件连接至该通用方法。\n2. 提供一些常用的方法，如钱包信息查询等。",
            "desc_en": "1. Provide a Connect button callback handler, which can be attached to the login button and connected to the general method. \n2. Provide some commonly used methods, such as wallet information query, etc."
        }
    ]
}